62010CO0028,Accession
62010CO0028,Provisions governing the Institutions
62007CO0023,Wine
62007CO0023,Agriculture and Fisheries
62007CO0023,Accession
62001CO0321,Accession
62001CO0321,Competition
62001CO0321,State aids
62002CO0296,Transport
62002CO0296,Accession
62000CO0030,Agriculture and Fisheries
62000CO0030,Sugar
62000CO0030,Free movement of goods
62000CO0030,Accession
62000CO0030,Customs Union
61993CO0107(01),Agriculture and Fisheries
61993CO0107(01),Customs Union
61993CO0107(01),Accession
61993CO0107(01),Free movement of goods
61993CO0107(01),Oils and fats
61993CO0107,Accession
61993CO0107,Free movement of goods
61993CO0107,Oils and fats
61993CO0107,Customs Union
61993CO0107,Agriculture and Fisheries
61986CO0117(01),Wine
61986CO0117(01),Agriculture and Fisheries
61986CO0117(01),Accession
61986CO0117(01),Fruit and vegetables
61986CO0117(01),Potatoes
61986CO0128,Wine
61986CO0128,Agriculture and Fisheries
61986CO0128,Accession
61986CO0117,Agriculture and Fisheries
61986CO0117,Wine
61986CO0117,Accession
61986CO0117,Fruit and vegetables
61986CO0117,Potatoes
61986CO0119,Agriculture and Fisheries
61986CO0119,Wine
61986CO0119,Potatoes
61986CO0119,Fruit and vegetables
61986CO0119,Plants and flowers
61986CO0119,Accession
61986CO0055,Agriculture and Fisheries
61986CO0055,Accession
61986CO0055,Fisheries policy
61983CO0114,Accession
61983CO0114,Potatoes
61983CO0114,Competition
61983CO0114,Protective measures
61983CO0114,Agriculture and Fisheries

