62017CO0344,anti-discrimination
62017CO0344,Consumer protection
62017CO0344,Approximation of laws
62015CO0473,anti-discrimination
62015CO0473,Charter of Fundamental Rights
62015CO0473,Fundamental rights
62014CO0019,Social security for migrant workers
62014CO0019,Non-discrimination on grounds of nationality
62014CO0019,Citizenship of the Union
62014CO0019,anti-discrimination
62012CO0264,Charter of Fundamental Rights
62012CO0264,anti-discrimination
62012CO0264,Principles; objectives and tasks of the Treaties
62012CO0264,Fundamental rights
62013CO0370,anti-discrimination
62013CO0370,Non-discrimination on grounds of nationality
62013CO0005,Non-discrimination on grounds of nationality
62013CO0005,anti-discrimination
62012CO0128,Principles; objectives and tasks of the Treaties
62012CO0128,Fundamental rights
62012CO0128,anti-discrimination
62012CO0369,Principles; objectives and tasks of the Treaties
62012CO0369,Fundamental rights
62012CO0369,anti-discrimination
62012CO0134,anti-discrimination
62012CO0134,Fundamental rights
62012CO0134,Principles; objectives and tasks of the Treaties
62011CO0434,anti-discrimination
62011CO0434,Fundamental rights
62011CO0434,Principles; objectives and tasks of the Treaties
62010CO0199,Right of establishment
62010CO0199,Non-discrimination on grounds of nationality
62010CO0199,Taxation
62010CO0199,Free movement of capital
62010CO0199,anti-discrimination
62008CO0217,anti-discrimination
62008CO0217,Non-discrimination on grounds of nationality
62008CO0217,Principles; objectives and tasks of the Treaties
62008CO0104,anti-discrimination
62008CO0104,Provisions governing the Institutions
62008CO0104,Non-discrimination on grounds of nationality
62005CO0336,anti-discrimination
62005CO0336,Non-discrimination on grounds of nationality
62005CO0336,External relations
62005CO0336,Free movement of workers
62005CO0336,Association Agreement
62005CO0336,Social security for migrant workers
62004CO0328,Principles; objectives and tasks of the Treaties
62004CO0328,anti-discrimination
62004CO0328,Provisions governing the Institutions
62001CO0204,Right of establishment
62001CO0204,Non-discrimination on grounds of nationality
62001CO0204,Freedom to provide services
62001CO0204,Principles; objectives and tasks of the Treaties
62001CO0204,anti-discrimination
62001CO0204,Free movement of workers
62001CO0477,Non-discrimination on grounds of nationality
62001CO0477,Agreements; decisions and concerted practices
62001CO0477,Competition
62001CO0477,anti-discrimination
