62017CO0551,Procedural provisions
62017CO0551,Common foreign and security policy
62017CO0551,External relations
62017CO0549,External relations
62017CO0549,Common foreign and security policy
62017CO0549,Procedural provisions
62017CO0550,Procedural provisions
62017CO0550,External relations
62017CO0550,Common foreign and security policy
62016CO0476(01),Transport
62016CO0476(01),External relations
62016CO0476(01),international agreements
62016CO0505,Common foreign and security policy
62016CO0505,External relations
62016CO0385,Common foreign and security policy
62016CO0385,External relations
62016CO0222,Free movement of goods
62016CO0222,Common customs tariff
62016CO0222,Commercial policy
62016CO0222,External relations
62016CO0222,Customs Union
62016CO0222,Dumping
62015CO0345,Dumping
62015CO0345,Commercial policy
62015CO0345,External relations
62015CO0319,Charter of Fundamental Rights
62015CO0319,Fundamental rights
62015CO0319,Common foreign and security policy
62015CO0319,European Convention on Human Rights
62015CO0319,External relations
62015CO0142,Commercial policy
62015CO0142,External relations
62015CO0142,Dumping
62015CO0312,Commercial policy
62015CO0312,External relations
62015CO0312,Dumping
62012CO0015,Dumping
62012CO0015,Procedural provisions
62012CO0015,External relations
62012CO0015,Commercial policy
62015CO0153,Common foreign and security policy
62015CO0153,External relations
62014CO0545,Common foreign and security policy
62014CO0545,External relations
62012CO0601,Procedural provisions
62012CO0601,Dumping
62012CO0601,Commercial policy
62012CO0601,External relations

62015CO0136,External relations
62015CO0136,Common foreign and security policy
62014CO0021,Dumping
62014CO0021,Commercial policy
62014CO0021,External relations
62013CO0397,Common foreign and security policy
62013CO0397,External relations
62013CO0372,Intellectual; industrial and commercial property
62013CO0372,Patents
62013CO0372,Commercial policy
62013CO0372,External relations
62013CO0462,Commercial policy
62013CO0462,External relations
62013CO0462,Intellectual; industrial and commercial property
62012CO0471,Provisions governing the Institutions
62012CO0471,External relations
62012CO0235,External relations
62012CO0235,Provisions governing the Institutions
62012CO0037,Dumping
62012CO0037,External relations
62012CO0037,Commercial policy
62012CO0037,Common customs tariff
62012CO0037,Free movement of goods
62012CO0037,Customs Union
62012CO0168,External relations
62012CO0168,Common foreign and security policy
62011CO0581,External relations
62011CO0581,international agreements
62011CO0581,Development cooperation
62012CO0110,External relations
62012CO0110,Common foreign and security policy
62011CO0644,Common foreign and security policy
62011CO0644,External relations
62011CO0656,Social security for migrant workers
62011CO0656,External relations
62011CO0656,Free movement of workers
62011CO0348,Provisions governing the Institutions
62011CO0348,Financial provisions
62011CO0348,External relations
62011CO0348,Commercial policy
62011CO0348,Free movement of goods
62011CO0348,Dumping
62011CO0348,Customs Union
62011CO0002,External relations
62011CO0002,Commercial policy
62011CO0002,Dumping
62011CO0003,External relations
62011CO0003,Commercial policy
62011CO0003,Dumping
62011CO0272,External relations
62010CO0476,External relations
62010CO0476,European Free Trade Association (EFTA)
62010CO0476,Free movement of capital
62010CO0433,External relations
62009CO0337,External relations
62009CO0337,Commercial policy
62009CO0337,Dumping
62010CO0526,African; Caribbean and Pacific States (ACP)
62010CO0526,Non-contractual liability
62010CO0526,External relations
62009CO0498,Dumping
62009CO0498,Customs Union
62009CO0498,Commercial policy
62009CO0498,External relations
62009CO0498,Free movement of goods
62007CO0204,PROC
62007CO0204,Customs Union
62007CO0204,Association Agreement
62007CO0204,External relations
62007CO0204,Free movement of goods
62007CO0132,Intellectual; industrial and commercial property
62007CO0132,Commercial policy
62007CO0132,External relations
62007CO0132,Free movement of goods
62007CO0132,Customs Union
62008CO0152,External relations
62008CO0152,Association Agreement
62008CO0152,Free movement of workers
62007CO0463,Commercial policy
62007CO0463,External relations
62007CO0463,Dumping
62007CO0462,Commercial policy
62007CO0462,External relations
62007CO0462,Dumping
62006CO0255,Association Agreement
62006CO0255,External relations
62006CO0276,Social security for migrant workers
62006CO0276,Association Agreement
62006CO0276,Fundamental rights
62006CO0276,External relations
62005CO0368,External relations
62005CO0368,Approximation of laws
62004CO0231,Association Agreement
62004CO0231,External relations
62004CO0231,Commercial policy

62005CO0336,anti-discrimination
62005CO0336,Non-discrimination on grounds of nationality
62005CO0336,External relations
62005CO0336,Free movement of workers
62005CO0336,Association Agreement
62005CO0336,Social security for migrant workers
62004CO0317,Principles; objectives and tasks of the Treaties
62004CO0317,Data protection
62004CO0317,External relations
62004CO0317,Provisions governing the Institutions
62004CO0318,Provisions governing the Institutions
62004CO0318,External relations
62004CO0318,Data protection
62004CO0318,Principles; objectives and tasks of the Treaties
62002CO0023,Social security for migrant workers
62002CO0023,External relations
62001CO0406,Consumer protection
62001CO0406,Approximation of laws
62001CO0406,External relations
62001CO0406,Commercial policy
62001CO0404,Dumping
62001CO0404,External relations
62001CO0404,Commercial policy
62000CO0430,Agriculture and Fisheries
62000CO0430,Bananas
62000CO0430,External relations
62000CO0430,Fruit and vegetables
62000CO0430,Commercial policy
61999CO0307,Agriculture and Fisheries
61999CO0307,General Agreement on Tariffs and Trade (GATT)
61999CO0307,Commercial policy
61999CO0307,Fruit and vegetables
61999CO0307,External relations
61999CO0307,Bananas
62000CO0317,Common foreign and security policy
62000CO0317,External relations
62000CO0317,Free movement of capital
61998CO0377,Approximation of laws
61998CO0377,Principles; objectives and tasks of the Treaties
61998CO0377,External relations
61998CO0017,Sugar
61998CO0017,Agriculture and Fisheries
61998CO0017,External relations
61998CO0017,Association Agreement
61999CO0349,External relations
61999CO0349,public procurement in the European Union
61998CO0364,Sugar
61998CO0364,Agriculture and Fisheries
61998CO0364,External relations
61998CO0364,Overseas countries and territories
61998CO0364,Association Agreement
61998CO0363,Overseas countries and territories
61998CO0363,Agriculture and Fisheries
61998CO0363,Sugar
61998CO0363,External relations
61998CO0363,Association Agreement
61998CO0159,External relations
61998CO0159,Overseas countries and territories
61998CO0043,Bananas
61998CO0043,External relations
61998CO0043,Fruit and vegetables
61998CO0043,Commercial policy
61998CO0043,Agriculture and Fisheries
61997CO0110,External relations
61997CO0110,Association Agreement
61997CO0110,Rice
61997CO0110,Overseas countries and territories
61997CO0110,Agriculture and Fisheries
61995CO0051,Agriculture and Fisheries
61995CO0051,External relations
61995CO0051,Commercial policy
61995CO0051,Fruit and vegetables
61995CO0293,Agriculture and Fisheries
61995CO0293,External relations
61995CO0293,Fisheries policy
61995CO0019,public procurement in the European Union
61995CO0019,African; Caribbean and Pacific States (ACP)
61995CO0019,External relations
61995CO0019,Non-contractual liability
61995CO0019,European Development Fund (EDF)
61994CO0120(01),External relations
61994CO0120(01),Commercial policy
61995CO0245(01),Dumping
61995CO0245(01),External relations
61995CO0245(01),Commercial policy
61995CO0245,External relations
61995CO0245,Commercial policy
61995CO0245,Dumping
61994CO0120,External relations
61994CO0120,Commercial policy
61993CO0428,Competition
61993CO0428,Quantitative restrictions
61993CO0428,Measures having equivalent effect
61993CO0428,Free movement of goods
61993CO0428,External relations
61993CO0428,Commercial policy
61993CO0428,Agreements; decisions and concerted practices
61994CO0006,External relations
61994CO0006,Commercial policy
61994CO0006,Dumping
61993CO0388,Dumping
61993CO0388,External relations
61993CO0388,Commercial policy
61992CO0429,External relations
61992CO0429,Commercial policy
61992CO0429,Association Agreement
61992CO0429,African; Caribbean and Pacific States (ACP)
61992CO0429,Protective measures
61993CO0257(01),Agriculture and Fisheries
61993CO0257(01),Commercial policy
61993CO0257(01),Fruit and vegetables
61993CO0257(01),External relations
61993CO0257(01),Bananas
61993CO0280,Fruit and vegetables
61993CO0280,External relations
61993CO0280,Agriculture and Fisheries
61993CO0280,Bananas
61993CO0280,Commercial policy
61993CO0276,Agriculture and Fisheries
61993CO0276,Bananas
61993CO0276,External relations
61993CO0276,Commercial policy
61993CO0276,Fruit and vegetables
61993CO0257,Bananas
61993CO0257,External relations
61993CO0257,Commercial policy
61993CO0257,Fruit and vegetables
61993CO0257,Agriculture and Fisheries
61992CO0386,Free movement of goods
61992CO0386,External relations
61992CO0386,Agreements; decisions and concerted practices
61992CO0386,Commercial policy
61992CO0386,Quantitative restrictions
61992CO0386,Competition
61992CO0386,Measures having equivalent effect
61990CO0250,External relations
61990CO0250,public procurement in the European Union
61990CO0250,Agriculture and Fisheries
61990CO0250,Food aid
61990CO0257,European Development Fund (EDF)
61990CO0257,public procurement in the European Union
61990CO0257,External relations
61987CO0241,Non-contractual liability
61987CO0241,External relations
61989CO0358,Dumping
61989CO0358,Commercial policy
61989CO0358,External relations

61989CO0069,External relations
61989CO0069,Commercial policy
61989CO0069,Dumping
61988CO0191(01),Commercial policy
61988CO0191(01),External relations
61988CO0191,External relations
61988CO0191,Commercial policy
61987CO0205,Commercial policy
61987CO0205,External relations
61987CO0205,Dumping
61987CO0150,External relations
61987CO0150,Commercial policy
61987CO0150,Dumping
61986CO0229,Dumping
61986CO0229,Common customs tariff
61986CO0229,Commercial policy
61986CO0229,External relations
61986CO0229,Free movement of goods
61986CO0229,Customs Union
61986CO0301,Dumping
61986CO0301,External relations
61986CO0301,Commercial policy
61986CO0279,Dumping
61986CO0279,External relations
61986CO0279,Commercial policy
61986CO0295,Dumping
61986CO0295,External relations
61986CO0295,Commercial policy
61987CO0133,Dumping
61987CO0133,External relations
61987CO0133,Commercial policy
61986CO0304(01),Dumping
61986CO0304(01),External relations
61986CO0304(01),Commercial policy
61987CO0082,Protective measures
61987CO0082,External relations
61987CO0082,Commercial policy
61987CO0077,External relations
61987CO0077,Commercial policy
61987CO0077,Dumping
61986CO0121(02),Commercial policy
61986CO0121(02),External relations
61986CO0121(02),Dumping
61986CO0129(01),Dumping
61986CO0129(01),External relations
61986CO0129(01),Commercial policy
61986CO0121(01),Dumping
61986CO0121(01),External relations
61986CO0121(01),Commercial policy
61986CO0304,Dumping
61986CO0304,External relations
61986CO0304,Commercial policy
61986CO0294,Dumping
61986CO0294,External relations
61986CO0294,Commercial policy
61985CO0299,Dumping
61985CO0299,External relations
61985CO0299,Commercial policy
61986CO0231,European Development Fund (EDF)
61986CO0231,public procurement in the European Union
61986CO0231,External relations
61986CO0121,External relations
61986CO0121,Commercial policy
61986CO0121,Dumping
61986CO0129,Dumping
61986CO0129,Commercial policy
61986CO0129,External relations
61984CO0297,Free movement of workers
61984CO0297,External relations
61984CO0297,Association Agreement
61985CO0082(01),Agriculture and Fisheries
61985CO0082(01),Cereals
61985CO0082(01),External relations
61985CO0082(01),Commercial policy
61985CO0297,External relations
61985CO0297,Commercial policy
61985CO0297,Dumping
61985CO0277,Dumping
61985CO0277,External relations
61985CO0277,Commercial policy
61985CO0260,External relations
61985CO0260,Commercial policy
61985CO0260,Dumping
61985CO0250,External relations
61985CO0250,Commercial policy
61985CO0250,Dumping
61985CO0273,External relations
61985CO0273,Commercial policy
61985CO0273,Dumping
61984CO0256,External relations
61984CO0256,Commercial policy
61984CO0256,Dumping
61985CO0082,Agriculture and Fisheries
61985CO0082,Cereals
61985CO0082,External relations
61985CO0082,Commercial policy
61984CO0258,Dumping
61984CO0258,External relations
61984CO0258,Commercial policy
61984CO0240,External relations
61984CO0240,Commercial policy
61984CO0240,Dumping
61984CO0001,External relations
61984CO0001,Commercial policy
61984CO0001,Protective measures
61983CO0118,European Development Fund (EDF)
61983CO0118,public procurement in the European Union
61983CO0118,External relations
61983CO0118,African; Caribbean and Pacific States (ACP)
61983CO0120,Dumping
61983CO0120,External relations
61983CO0120,Commercial policy
61982CO0091,External relations
61982CO0091,Commercial policy
61981CO0236,Commercial policy
61981CO0236,External relations
61981CO0236,Dumping






