62007CJ0394,Judgment of the Court (First Chamber) of 2 April 2009,First Chamber,Marco Gambazzi v DaimlerChrysler Canada Inc,Check EUR-LEX webpage,Check EUR-LEX webpage,Case C-394/07,ECLI identifier: ECLI:EU:C:2009:219,22/08/2007,02/04/2009,Italy,Jann,Kokott,CECC
62005CJ0292,Judgment of the Court (Second Chamber) of 15 February 2007,Second Chamber,Eirini Lechouritou and Others v Dimosio tis Omospondiakis Dimokratias tis Germanias,Reference for a preliminary ruling: Efeteio Patron - Greece,Brussels Convention - First sentence of the first paragraph of Article 1 - Scope - Civil and commercial matters - Meaning - Action for compensation brought in a Contracting State; by the successors of the victims of war massacres; against another Contracting State on account of acts perpetrated by its armed forces,Case C-292/05,ECLI identifier: ECLI:EU:C:2007:102,20/07/2005,15/02/2007,Greece,Schintgen,Ruiz-Jarabo Colomer,CECC
62003CJ0004,Judgment of the Court (First Chamber) of 13 July 2006,First Chamber,Gesellschaft für Antriebstechnik mbH & Co,Check EUR-LEX webpage,Check EUR-LEX webpage,Case C-4/03,ECLI identifier: ECLI:EU:C:2006:457,06/01/2003,13/07/2006,Germany,Jann,Geelhoed,CECC
62003CJ0539,Judgment of the Court (First Chamber) of 13 July 2006,First Chamber,Roche Nederland BV and Others v Frederick Primus and Milton Goldenberg,Reference for a preliminary ruling: Hoge Raad der Nederlanden - Netherlands,Brussels Convention - Article 6(1) - More than one defendant - Jurisdiction of the courts of the place where one of the defendants is domiciled - Action for infringement of a European patent - Defendants established in different Contracting States - Infringements committed in a number of Contracting States,Case C-539/03,ECLI identifier: ECLI:EU:C:2006:458,22/12/2003,13/07/2006,Netherlands,Jann,Léger,CECC
62004CJ0343,Judgment of the Court (First Chamber) of 18 May 2006,First Chamber,Land Oberösterreich v ČEZ as,Reference for a preliminary ruling: Oberster Gerichtshof - Austria,Brussels Convention - Article 16(1)( a) - Exclusive jurisdiction in matters relating to property - Action for cessation of a nuisance caused; or likely to be caused; to land by the activities of a nuclear power station situated on the territory of a neighbouring State - Not applicable,Case C-343/04,ECLI identifier: ECLI:EU:C:2006:330,10/08/2004,18/05/2006,Austria,Schiemann,Poiares Maduro,CECC
62005CJ0003,Judgment of the Court (Second Chamber) of 16 February 2006,Second Chamber,  Gaetano Verdoliva v J,Check EUR-LEX webpage,Check EUR-LEX webpage,  Case C-3/05,ECLI identifier: ECLI:EU:C:2006:113,06/01/2005,16/02/2006,Italy,Klučka,Kokott,CECC
62003CJ0522,Judgment of the Court (First Chamber) of 13 October 2005,First Chamber,  Scania Finance France SA v Rockinger Spezialfabrik für Anhängerkupplungen GmbH & Co,  Reference for a preliminary ruling: Oberlandesgericht München - Germany,  Brussels Convention - Recognition and enforcement - Grounds for refusal - Meaning of 'duly served',  Case C-522/03,ECLI identifier: ECLI:EU:C:2005:606,15/12/2003,13/10/2005,Germany,Jann,Geelhoed,CECC
62004CJ0073,Judgment of the Court (First Chamber) of 13 October 2005,First Chamber,  Brigitte and Marcus Klein v Rhodos Management Ltd,  Reference for a preliminary ruling: Oberlandesgericht Hamm - Germany,  Brussels Convention - Jurisdiction in proceedings regarding tenancies of immoveable property - Time-share in immoveable property,  Case C-73/04,ECLI identifier: ECLI:EU:C:2005:607,17/02/2004,13/10/2005,Germany,Jann,Geelhoed,CECC
62003CJ0112,Judgment of the Court (Second Chamber) of 12 May 2005,Second Chamber,  Société financière et industrielle du Peloux v Axa Belgium and Others,  Reference for a preliminary ruling: Cour d'appel de Grenoble - France,  Brussels Convention - Jurisdiction in respect of contracts of insurance - Agreement conferring jurisdiction between a policy-holder and an insurer both domiciled in the same Contracting State - Enforceability of a jurisdiction clause against an insured who did not approve that clause - Insured domiciled in another Contracting State,  Case C-112/03,ECLI identifier: ECLI:EU:C:2005:280,13/03/2003,12/05/2005,France,Klučka,Tizzano,CECC
62003CJ0104,Judgment of the Court (First Chamber) of 28 April 2005,First Chamber,St,Check EUR-LEX webpage,Check EUR-LEX webpage,Case C-104/03,ECLI identifier: ECLI:EU:C:2005:255,06/03/2003,28/04/2005,Netherlands,Jann,Ruiz-Jarabo Colomer,CECC
62002CJ0281,Judgment of the Court (Grand Chamber) of 1 March 2005,Grand Chamber,  Andrew Owusu v N,Check EUR-LEX webpage,Check EUR-LEX webpage,  Case C-281/02,ECLI identifier: ECLI:EU:C:2005:120,31/07/2002,01/03/2005,United Kingdom,Schintgen,Léger,CECC
62001CJ0464,Judgment of the Court (Second Chamber) of 20 January 2005,Second Chamber,Johann Gruber v Bay Wa AG,Reference for a preliminary ruling: Oberster Gerichtshof - Austria,Brussels Convention - Article 13; first paragraph - Conditions for application - Definition of "consumer contract" - Purchase of tiles by a farmer for roofing a farm building used partly for private and partly for business purposes,Case C-464/01,ECLI identifier: ECLI:EU:C:2005:32,04/12/2001,20/01/2005,Austria,Schintgen,Jacobs,CECC
62002CJ0027,Judgment of the Court (Second Chamber) of 20 January 2005,Second Chamber,  Petra Engler v Janus Versand GmbH,  Reference for a preliminary ruling: Oberlandesgericht Innsbruck - Austria,  Brussels Convention - Request for the interpretation of Article 5(1) and (3) and Article 13; first paragraph; point 3 - Entitlement of a consumer to whom misleading advertising has been sent to seek payment; in judicial proceedings; of the prize which he has ostensibly won - Classification - Action of a contractual nature covered by Article 13; first paragraph; point 3; or by Article 5(1) or in matters of tort; delict or quasi-delict by Article 5(3) - Conditions,  Case C-27/02,ECLI identifier: ECLI:EU:C:2005:33,31/01/2002,20/01/2005,Austria,Schintgen,Jacobs,CECC
62003CJ0148,Judgment of the Court (Third Chamber) of 28  October  2004,Third Chamber,  Nürnberger Allgemeine Versicherungs AG v Portbridge Transport International BV,  Reference for a preliminary ruling: Oberlandesgericht München - Germany,  Brussels Convention - Articles 20 and 57(2) - Failure by the defendant to enter an appearance - Defendant domiciled in another Contracting State - Geneva Convention on the Contract for the International Carriage of Goods by Road - Conflict between conventions,  Case C-148/03,ECLI identifier: ECLI:EU:C:2004:677,31/03/2003,28/10/2004,Germany,Schintgen,Tizzano,CECC
62002CJ0039,Judgment of the Court (Third Chamber) of 14 October 2004,Third Chamber,Mærsk Olie & Gas A/S v Firma M,Check EUR-LEX webpage,Check EUR-LEX webpage,Case C-39/02,ECLI identifier: ECLI:EU:C:2004:615,13/02/2002,14/10/2004,Denmark,Schintgen,Léger,CECC
62002CJ0168,Judgment of the Court (Second Chamber) of 10 June 2004,Second Chamber,Rudolf Kronhofer v Marianne Maier and Others,Reference for a preliminary ruling: Oberster Gerichtshof - Austria,Brussels Convention - Article 5(3) - Jurisdiction in matters relating to tort; delict or quasi-delict - Place where the harmful event occurred - Financial loss arising from capital investments in another Contracting State,Case C-168/02,ECLI identifier: ECLI:EU:C:2004:364,06/05/2002,10/06/2004,Austria,Cunha Rodrigues,Léger,CECC
62002CJ0159,Judgment of the Court (Full Court) of 27 April 2004,Full Court,Gregory Paul Turner v Felix Fareed Ismail Grovit; Harada Ltd and Changepoint SA,Reference for a preliminary ruling: House of Lords - United Kingdom,Brussels Convention - Proceedings brought in a Contracting State - Proceedings brought in another Contracting State by the defendant in the existing proceedings - Defendant acting in bad faith in order to frustrate the existing proceedings - Compatibility with the Brussels Convention of the grant of an injunction preventing the defendant from continuing the action in another Member State,Case C-159/02,ECLI identifier: ECLI:EU:C:2004:228,29/04/2002,27/04/2004,United Kingdom,Jann,Ruiz-Jarabo Colomer,CECC
62002CJ0265,Judgment of the Court (Fifth Chamber) of 5 February 2004,Fifth Chamber,  Frahuil SA v Assitalia SpA,  Reference for a preliminary ruling: Corte suprema di cassazione - Italy,  Brussels Convention - Special jurisdiction - Article 5(1) - Meaning of matters relating to a contract- Contract of guarantee entered into without the knowledge of the principal debtor - Subrogation of the guarantor to the rights of the creditor - Right of recourse of the guarantor against the principal debtor,  Case C-265/02,ECLI identifier: ECLI:EU:C:2004:77,18/07/2002,05/02/2004,Italy,Jann,Léger,CECC
62002CJ0018,Judgment of the Court (Sixth Chamber) of 5 February 2004,Sixth Chamber,  Danmarks Rederiforening; acting on behalf of DFDS Torline A/S v LO Landsorganisationen i Sverige; acting on behalf of SEKO Sjöfolk Facket för Service och Kommunikation,  Reference for a preliminary ruling: Arbejdsret - Denmark,  Brussels Convention - Article 5(3) - Jurisdiction in matters relating to tort; delict or quasi-delict - Place where the harmful event occurred - Measure taken by a trade union in a Contracting State against the owner of a ship registered in another Contracting State,  Case C-18/02,ECLI identifier: ECLI:EU:C:2004:74,29/01/2002,05/02/2004,Denmark,Cunha Rodrigues,Jacobs,CECC
62001CJ0433,Judgment of the Court (Fifth Chamber) of 15 January 2004,Fifth Chamber,  Freistaat Bayern v Jan Blijdenstein,  Reference for a preliminary ruling: Bundesgerichtshof - Germany,  Brussels Convention - Special rules of jurisdiction - Article 5(2) - Maintenance - Action for recovery brought by a public body subrogated to the rights of the maintenance creditor,  Case C-433/01,ECLI identifier: ECLI:EU:C:2004:21,09/11/2001,15/01/2004,Germany,Jann,Tizzano,CECC
62002CJ0116,Judgment of the Court of 9 December 2003,,  Erich Gasser GmbH v MISAT Srl,  Reference for a preliminary ruling: Oberlandesgericht Innsbruck - Austria,  Brussels Convention - Article 21 - Lis pendens - Article 17 - Agreement conferring jurisdiction - Obligation to stay proceedings of court second seised designated in an agreement conferring jurisdiction - Excessive duration of proceedings before courts in the Member State of the court first seised,  Case C-116/02,ECLI identifier: ECLI:EU:C:2003:657,02/04/2002,09/12/2003,Austria,Schintgen,,CECC
62001CJ0266,Judgment of the Court (Fifth Chamber) of 15 May 2003,Fifth Chamber,  Préservatrice foncière TIARD SA v Staat der Nederlanden,  Reference for a preliminary ruling: Hoge Raad der Nederlanden - Netherlands,  Brussels Convention - Article 1 - Scope - Concept of civil and commercial matters - Concept of customs matters - Action based on a guarantee contract between the State and an insurance company - Contract entered into in order to satisfy a condition imposed by the State on associations of carriers; principal debtors; under Article 6 of the TIR Convention,  Case C-266/01,ECLI identifier: ECLI:EU:C:2003:282,05/07/2001,15/05/2003,Netherlands,Jann,Léger,CECC
62001CJ0111,Judgment of the Court (Fifth Chamber) of 8 May 2003,Fifth Chamber,  Gantner Electronic GmbH v Basch Exploitatie Maatschappij BV,  Reference for a preliminary ruling: Oberster Gerichtshof - Austria,  Brussels Convention - Article 21 - Lis pendens - Setoff,  Case C-111/01,ECLI identifier: ECLI:EU:C:2003:257,12/03/2001,08/05/2003,Austria,Wathelet,Léger,CECC
62000CJ0437,Judgment of the Court (Fifth Chamber) of 10 April 2003,Fifth Chamber,  Giulia Pugliese v Finmeccanica SpA; Betriebsteil Alenia Aerospazio,  Reference for a preliminary ruling: Landesarbeitsgericht München - Germany,  Brussels Convention - Article 5(1) - Court for the place of performance of the contractual obligation - Contract of employment - Place where the employee habitually carries out his work - First contract fixing the place of performance of the work in one Contracting State - Second contract concluded with reference to the first contract and under which the employee carries out his work in another Contracting State - First contract suspended during the performance of the second,  Case C-437/00,ECLI identifier: ECLI:EU:C:2003:219,27/11/2000,10/04/2003,Germany,Jann,Jacobs,CECC
62000CJ0271,Judgment of the Court (Fifth Chamber) of 14 November 2002,Fifth Chamber,  Gemeente Steenbergen v Luc Baten,  Reference for a preliminary ruling: Hof van Beroep te Antwerpen - Belgium,  Brussels Convention - Scope - Action under a right of recourse under national legislation providing for payment of allowances by way of social assistance - Concept of 'civil matters' - Concept of 'social security',  Case C-271/00,ECLI identifier: ECLI:EU:C:2002:656,05/07/2000,14/11/2002,Belgium,Jann,Tizzano,CECC
62000CJ0167,Judgment of the Court (Sixth Chamber) of 1 October 2002,Sixth Chamber,  Verein für Konsumenteninformation v Karl Heinz Henkel,  Reference for a preliminary ruling: Oberster Gerichtshof - Austria,  Brussels Convention - Article 5(3) - Jurisdiction in matters relating to tort; delict or quasidelict - Preventive action by associations - Consumer protection organisation seeking an injunction to prevent a trader from using unfair terms in consumer contracts,  Case C-167/00,ECLI identifier: ECLI:EU:C:2002:555,08/05/2000,01/10/2002,Austria,Schintgen,Jacobs,CECC
62000CJ0334,Judgment of the Court of 17 September 2002,,  Fonderie Officine Meccaniche Tacconi SpA v Heinrich Wagner Sinto Maschinenfabrik GmbH (HWS),  Reference for a preliminary ruling: Corte suprema di cassazione - Italy,  Brussels Convention - Article 5(1) and (3) - Special jurisdiction - Pre-contractual liability,  Case C-334/00,ECLI identifier: ECLI:EU:C:2002:499,11/09/2000,17/09/2002,Italy,Cunha Rodrigues,Geelhoed,CECC
62000CJ0096,Judgment of the Court (Sixth Chamber) of 11 July 2002,Sixth Chamber,  Rudolf Gabriel,  Reference for a preliminary ruling: Oberster Gerichtshof - Austria,  Brussels Convention - Request for interpretation of Articles 5(1) and (3) and 13; first paragraph; point 3 - Entitlement of a consumer to whom misleading advertising has been sent to seek payment; in judicial proceedings; of the prize which he has apparently won - Classification - Action of a contractual nature covered by Article 13; first paragraph; point 3 - Conditions,  Case C-96/00,ECLI identifier: ECLI:EU:C:2002:436,13/03/2000,11/07/2002,Austria,Schintgen,Jacobs,CECC
62000CJ0080,Judgment of the Court (Fifth Chamber) of 6 June 2002,Fifth Chamber,  Italian Leather SpA v WECO Polstermöbel GmbH & Co,  Reference for a preliminary ruling: Bundesgerichtshof - Germany,  Brussels Convention - Article 27(3) - Irreconcilability - Enforcement procedures in the State where enforcement is sought,  Case C-80/00,ECLI identifier: ECLI:EU:C:2002:342,07/03/2000,06/06/2002,Germany,Wathelet,Léger,CECC
62000CJ0037,Judgment of the Court (Sixth Chamber) of 27 February 2002,Sixth Chamber,  Herbert Weber v Universal Ogden Services Ltd,  Reference for a preliminary ruling: Hoge Raad der Nederlanden - Netherlands,  Brussels Convention - Article 5(1) - Courts for the place of performance of the contractual obligation - Contract of employment - Place where the employee habitually carries out his work - Definition - Work performed partly at an installation positioned over the continental shelf adjacent to a Contracting State and partly in the territory of another Contracting State,  Case C-37/00,ECLI identifier: ECLI:EU:C:2002:122,10/02/2000,27/02/2002,Netherlands,Schintgen,Jacobs,CECC
62000CJ0256,Judgment of the Court of 19 February 2002,,  Besix SA v Wasserreinigungsbau Alfred Kretzschmar GmbH & Co,Check EUR-LEX webpage,Check EUR-LEX webpage,  Case C-256/00,ECLI identifier: ECLI:EU:C:2002:99,28/06/2000,19/02/2002,Belgium,Schintgen,Alber,CECC
61998CJ0387,Judgment of the Court (Fifth Chamber) of 9 November 2000,Fifth Chamber,  Coreck Maritime GmbH v Handelsveem BV and Others,  Reference for a preliminary ruling: Hoge Raad der Nederlanden - Netherlands,  Brussels Convention - Article 17 - Clause conferring jurisdiction - Formal conditions - Effects,  Case C-387/98,ECLI identifier: ECLI:EU:C:2000:606,29/10/1998,09/11/2000,Netherlands,Jann,Alber,CECC
61998CJ0412,Judgment of the Court (Sixth Chamber) of 13 July 2000,Sixth Chamber,  Group Josi Reinsurance Company SA v Universal General Insurance Company (UGIC),  Reference for a preliminary ruling: Cour d'appel de Versailles - France,  Brussels Convention - Personal scope - Plaintiff domiciled in a non-Contracting State - Material scope - Rules of jurisdiction in matters relating to insurance - Dispute concerning a reinsurance contract,  Case C-412/98,ECLI identifier: ECLI:EU:C:2000:399,19/11/1998,13/07/2000,France,Schintgen,Fennelly,CECC
61998CJ0038,Judgment of the Court (Fifth Chamber) of 11 May 2000,Fifth Chamber,  Régie nationale des usines Renault SA v Maxicar SpA and Orazio Formento,  Reference for a preliminary ruling: Corte d'appello di Torino - Italy,  Brussels Convention - Enforcement of judgments - Intellectual property rights relating to vehicle body parts - Public policy,  Case C-38/98,ECLI identifier: ECLI:EU:C:2000:225,16/02/1998,11/05/2000,Italy,Jann,Alber,CECC
61998CJ0007,Judgment of the Court of 28 March 2000,,  Dieter Krombach v André Bamberski,  Reference for a preliminary ruling: Bundesgerichtshof - Germany,  Brussels Convention - Enforcement of judgments - Public policy,  Case C-7/98,ECLI identifier: ECLI:EU:C:2000:164,14/01/1997,28/03/2000,Germany,Jann,Saggio,CECC
61998CJ0008,Judgment of the Court (Sixth Chamber) of 27 January 2000,Sixth Chamber,  Dansommer A/S v Andreas Götz,  Reference for a preliminary ruling: Landgericht Heilbronn - Germany,  Brussels Convention - Article 16(1) - Exclusive jurisdiction in proceedings having as their object tenancies of immovable property - Scope,  Case C-8/98,ECLI identifier: ECLI:EU:C:2000:45,14/01/1998,27/01/2000,Germany,Schintgen,La Pergola,CECC
61997CJ0440,Judgment of the Court of 28 September 1999,,  GIE Groupe Concorde and Othes v The Master of the vessel "Suhadiwarno Panjan" and Others,  Reference for a preliminary ruling: Cour de cassation - France,  Brussels Convention - Jurisdiction in contractual matters - Place of performance of the obligation,  Case C-440/97,ECLI identifier: ECLI:EU:C:1999:456,29/12/1997,28/09/1999,France,Jann,Ruiz-Jarabo Colomer,CECC
61997CJ0420,Judgment of the Court of 5 October 1999,,  Leathertex Divisione Sintetici SpA v Bodetex BVBA,  Reference for a preliminary ruling: Hof van Cassatie - Belgium,  Brussels Convention - Interpretation of Articles 2 and 5(1) - Commercial agency agreement - Action founded on separate obligations arising from the same contract and regarded as equal in rank - Jurisdiction of the court seised to hear the whole action,  Case C-420/97,ECLI identifier: ECLI:EU:C:1999:483,11/12/1997,05/10/1999,Belgium,Moitinho de Almeida,Léger,CECC
61997CJ0260,Judgment of the Court (Fifth Chamber) of 17 June 1999,Fifth Chamber,  Unibank A/S v Flemming G,Check EUR-LEX webpage,Check EUR-LEX webpage,  Case C-260/97,ECLI identifier: ECLI:EU:C:1999:312,18/07/1997,17/06/1999,Germany,Edward,La Pergola,CECC
61996CJ0099,Judgment of the Court of 27 April 1999,,  Hans-Hermann Mietz v Intership Yachting Sneek BV,  Reference for a preliminary ruling: Bundesgerichtshof - Germany,  Brussels Convention - Concept of provisional measures - Construction and delivery of a motor yacht,  Case C-99/96,ECLI identifier: ECLI:EU:C:1999:202,26/03/1996,27/04/1999,Germany,Edward,Léger,CECC
61997CJ0267,Judgment of the Court (Fifth Chamber) of 29 April 1999,Fifth Chamber,  Eric Coursier v Fortis Bank and Martine Coursier; née Bellami,  Reference for a preliminary ruling: Cour supérieure de justice - Grand Duchy of Luxemburg,  Brussels Convention - Enforcement of decisions - Article 31 - Enforceability of a decision - Collective proceedings for the discharge of debts,  Case C-267/97,ECLI identifier: ECLI:EU:C:1999:213,22/07/1997,29/04/1999,Luxembourg,Edward,La Pergola,CECC
61997CJ0159,Judgment of the Court of 16 March 1999,,  Trasporti Castelletti Spedizioni Internazionali SpA v Hugo Trumpy SpA,  Reference for a preliminary ruling: Corte suprema di cassazione - Italy,  Brussels Convention - Article 17 - Agreement conferring jurisdiction - Form according with usages in international trade or commerce,  Case C-159/97,ECLI identifier: ECLI:EU:C:1999:142,25/04/1997,16/03/1999,Italy,Jann,Léger,CECC
61995CJ0391,Judgment of the Court of 17 November 1998,,  Van Uden Maritime BV; trading as Van Uden Africa Line v Kommanditgesellschaft in Firma Deco-Line and Another,  Reference for a preliminary ruling: Hoge Raad - Netherlands,  Brussels Convention - Arbitration clause - Interim payment - Meaning of 'provisional measures',  Case C-391/95,ECLI identifier: ECLI:EU:C:1998:543,14/12/1995,17/11/1998,Netherlands,Ragnemalm,Léger,CECC
61997CJ0051,Judgment of the Court (Third Chamber) of 27 October 1998,Third Chamber,  Réunion européenne SA and Others v Spliethoff's Bevrachtingskantoor BV and the Master of the vessel Alblasgracht V002,  Reference for a preliminary ruling: Cour de cassation - France,  Brussels Convention - Interpretation of Articles 5(1) and (3) and 6 - Claim for compensation by the consignee or insurer of the goods on the basis of the bill of lading against a defendant who did not issue the bill of lading but is regarded by the plaintiff as the actual maritime carrier,  Case C-51/97,ECLI identifier: ECLI:EU:C:1998:509,07/02/1997,27/10/1998,France,Moitinho de Almeida,Cosmas,CECC
61996CJ0351,Judgment of the Court (Fifth Chamber) of 19 May 1998,Fifth Chamber,  Drouot assurances SA v Consolidated metallurgical industries (CMI industrial sites); Protea assurance and Groupement d'intérêt économique (GIE) Réunion européenne,  Reference for a preliminary ruling: Cour de cassation - France,  Brussels Convention - Interpretation of Article 21 - Lis alibi pendens - Definition of "same parties" - Insurance company and its insured,  Case C-351/96,ECLI identifier: ECLI:EU:C:1998:242,25/10/1996,19/05/1998,France,Edward,Fennelly,CECC
61995CJ0163,Judgment of the Court (Sixth Chamber) of 9 October 1997,Sixth Chamber,  Elsbeth Freifrau von Horn v Kevin Cinnamond,  Reference for a preliminary ruling: House of Lords - United Kingdom,  Brussels Convention - Article 21 - Lis pendens - San Sebastian Accession Convention - Article 29 - Transitional provisions,  Case C-163/95,ECLI identifier: ECLI:EU:C:1997:472,29/05/1995,09/10/1997,United Kingdom,Mancini,Jacobs,CECC
61995CJ0269,Judgment of the Court (Sixth Chamber) of 3 July 1997,Sixth Chamber,  Francesco Benincasa v Dentalkit Srl,  Reference for a preliminary ruling: Oberlandesgericht München - Germany,  Brussels Convention - Concept of consumer - Agreement conferring jurisdiction,  Case C-269/95,ECLI identifier: ECLI:EU:C:1997:337,09/08/1995,03/07/1997,Germany,Kakouris,Ruiz-Jarabo Colomer,CECC
61995CJ0295,Judgment of the Court (Sixth Chamber) of 20 March 1997,Sixth Chamber,  Jackie Farrell v James Long,  Reference for a preliminary ruling: Circuit Court; County of Dublin - Ireland,  Brussels Convention - Article 5(2) - Definition of 'maintenance creditor',  Case C-295/95,ECLI identifier: ECLI:EU:C:1997:168,15/09/1995,20/03/1997,Ireland,Kakouris,Léger,CECC
61995CJ0220,Judgment of the Court (Fifth Chamber) of 27 February 1997,Fifth Chamber,  Antonius van den Boogaard v Paula Laumen,  Reference for a preliminary ruling: Arrondissementsrechtbank Amsterdam - Netherlands,  Brussels Convention - Interpretation of Article 1; second paragraph - Definition of rights in property arising out of a matrimonial relationship - Definition of matters relating to maintenance,  Case C-220/95,ECLI identifier: ECLI:EU:C:1997:91,21/06/1995,27/02/1997,Netherlands,Jann,Jacobs,CECC
61995CJ0106,Judgment of the Court (Sixth Chamber) of 20 February 1997,Sixth Chamber,  Mainschiffahrts-Genossenschaft eG (MSG) v Les Gravières Rhénanes SARL,  Reference for a preliminary ruling: Bundesgerichtshof - Germany,  Brussels Convention - Agreement on the place of performance of the obligation in question - Agreement conferring jurisdiction,  Case C-106/95,ECLI identifier: ECLI:EU:C:1997:70,31/03/1995,20/02/1997,Germany,Kakouris,Tesauro,CECC
61995CJ0383,Judgment of the Court (Sixth Chamber) of 9 January 1997,Sixth Chamber,  Petrus Wilhelmus Rutten v Cross Medical Ltd,  Reference for a preliminary ruling: Hoge Raad - Netherlands,  Brussels Convention - Article 5(1) - Courts for the place of performance of the contractual obligation - Contract of employment - Place where the employee habitually carries out his work - Work performed in more than one country,  Case C-383/95,ECLI identifier: ECLI:EU:C:1997:7,07/12/1995,09/01/1997,Netherlands,Schintgen,Jacobs,CECC
61995CJ0078,Judgment of the Court (Fifth Chamber) of 10 October 1996,Fifth Chamber,  Bernardus Hendrikman and Maria Feyen v Magenta Druck & Verlag GmbH,  Reference for a preliminary ruling: Hoge Raad - Netherlands,  Brussels Convention - Interpretation of Article 27(2) - Recognition of a judgment- Definition of a defendant in default of appearance,  Case C-78/95,ECLI identifier: ECLI:EU:C:1996:380,16/03/1995,10/10/1996,Netherlands,Jann,Jacobs,CECC
61994CJ0275,Judgment of the Court (Fifth Chamber) of 14 March 1996,Fifth Chamber,  Roger van der Linden v Berufsgenossenschaft der Feinmechanik und Elektrotechnik,  Reference for a preliminary ruling: Hof van Cassatie - Belgium,  Brussels Convention - Interpretation of Article 47(1) - Documents to be produced by a party applying for enforcement - Obligation to produce proof of service of the judgment delivered - Possibility of producing proof of service after the application has been made,  Case C-275/94,ECLI identifier: ECLI:EU:C:1996:101,11/10/1994,14/03/1996,Belgium,Moitinho de Almeida,Fennelly,CECC
61993CJ0364,Judgment of the Court of 19 September 1995,,  Antonio Marinari v Lloyds Bank plc and Zubaidi Trading Company,  Reference for a preliminary ruling: Corte suprema di Cassazione - Italy,  Brussels Convention - Article 5 (3) - Place where the harmful event occurred,  Case C-364/93,ECLI identifier: ECLI:EU:C:1995:289,26/07/1993,19/09/1995,Italy,Moitinho de Almeida,Darmon Léger,CECC
61993CJ0432,Judgment of the Court (Sixth Chamber) of 11 August 1995,Sixth Chamber,  Société d'Informatique Service Réalisation Organisation v Ampersand Software BV,  Reference for a preliminary ruling: Court of Appeal; Civil Division (England) - United Kingdom,  Brussels Convention - Articles 36; 37 and 38 - Enforcement - Judgment given on an appeal against authorization of enforcement - Appeal on a point of law - Stay of proceedings,  Case C-432/93,ECLI identifier: ECLI:EU:C:1995:262,03/11/1993,11/08/1995,United Kingdom,Schockweiler,Léger,CECC
61993CJ0474,Judgment of the Court (Third Chamber) of 13 July 1995,Third Chamber,  Hengst Import BV v Anna Maria Campese,  Reference for a preliminary ruling: Arrondissementsrechtbank Zwolle - Netherlands,  Brussels Convention - Article 27 (2) - Concept of document instituting the proceedings or equivalent document,  Case C-474/93,ECLI identifier: ECLI:EU:C:1995:243,20/12/1993,13/07/1995,Netherlands,Moitinho de Almeida,Jacobs,CECC
61993CJ0341,Judgment of the Court of 13 July 1995,,  Danværn Production A/S v Schuhfabriken Otterbeck GmbH & Co,  Reference for a preliminary ruling: Vestre Landsret - Denmark,  Brussels Convention - Special jurisdiction - Article 6 (3) - Counterclaim - Set-off,  Case C-341/93,ECLI identifier: ECLI:EU:C:1995:239,05/07/1993,13/07/1995,Denmark,Edward,Léger,CECC
61993CJ0439,Judgment of the Court of 6 April 1995,,  Lloyd's Register of Shipping v Société Campenon Bernard,  Reference for a preliminary ruling: Cour de cassation - France,  Brussels Convention - Article 5 (5) - Dispute arising out of the operations of a branch,  Case C-439/93,ECLI identifier: ECLI:EU:C:1995:104,10/11/1993,06/04/1995,France,Schockweiler,Elmer,CECC
61993CJ0346,Judgment of the Court of 28 March 1995,,  Kleinwort Benson Ltd v City of Glasgow District Council,  Reference for a preliminary ruling: Court of Appeal (England) - United Kingdom,  Brussels Convention - National legislation modelled on it - Interpretation - Questions submitted for a preliminary ruling - Lack of jurisdiction of the Court,  Case C-346/93,ECLI identifier: ECLI:EU:C:1995:85,06/07/1993,28/03/1995,United Kingdom,Schockweiler,Tesauro,CECC
61993CJ0068,Judgment of the Court of 7 March 1995,,  Fiona Shevill; Ixora Trading Inc,Check EUR-LEX webpage,Check EUR-LEX webpage,  Case C-68/93,ECLI identifier: ECLI:EU:C:1995:61,15/03/1993,07/03/1995,United Kingdom,Schockweiler,Darmon Léger,CECC
61992CJ0406,Judgment of the Court of 6 December 1994,,  The owners of the cargo lately laden on board the ship "Tatry" v the owners of the ship "Maciej Rataj",  Reference for a preliminary ruling: Court of Appeal (England) - United Kingdom,  Brussels Convention - Lis pendens - Related actions - Relationship with the international convention relating to the arrest of seagoing ships,  Case C-406/92,ECLI identifier: ECLI:EU:C:1994:400,04/12/1992,06/12/1994,United Kingdom,Kakouris,Tesauro,CECC
61993CJ0318,Judgment of the Court (Fifth Chamber) of 15 September 1994,Fifth Chamber,  Wolfgang Brenner and Peter Noller v Dean Witter Reynolds Inc,  Reference for a preliminary ruling: Bundesgerichtshof - Germany,  Brussels Convention - Articles 13 and 14 - Jurisdiction over consumer contracts - Contract with a party not domiciled in a Contracting State,  Case C-318/93,ECLI identifier: ECLI:EU:C:1994:331,16/06/1993,15/09/1994,Germany,Rodríguez Iglesias,Darmon,CECC
61992CJ0288,Judgment of the Court of 29 June 1994,,  Custom Made Commercial Ltd v Stawa Metallbau GmbH,  Reference for a preliminary ruling: Bundesgerichtshof - Germany,  Brussels Convention - Place of performance of an obligation - Uniform law of sale,  Case C-288/92,ECLI identifier: ECLI:EU:C:1994:268,30/06/1992,29/06/1994,Germany,Kakouris,Lenz,CECC
61993CJ0292,Judgment of the Court (Fifth Chamber) of 9 June 1994,Fifth Chamber,  Norbert Lieber v Willi S,Check EUR-LEX webpage,Check EUR-LEX webpage,  Case C-292/93,ECLI identifier: ECLI:EU:C:1994:241,19/05/1993,09/06/1994,Germany,Edward,Darmon,CECC
61992CJ0414,Judgment of the Court (Sixth Chamber) of 2 June 1994,Sixth Chamber,  Solo Kleinmotoren GmbH v Emilio Boch,  Reference for a preliminary ruling: Bundesgerichtshof - Germany,  Brussels Convention - Article 27 (3) - Judgment given in a dispute between the same parties - Definition - Court settlement,  Case C-414/92,ECLI identifier: ECLI:EU:C:1994:221,15/12/1992,02/06/1994,Germany,Schockweiler,Gulmann,CECC
61992CJ0294,Judgment of the Court of 17 May 1994,,  George Lawrence Webb v Lawrence Desmond Webb,  Reference for a preliminary ruling: Court of Appeal (England) - United Kingdom,  Brussels Convention - Article 16 (1) - Action concerning the existence of a trust attaching to immovable property,  Case C-294/92,ECLI identifier: ECLI:EU:C:1994:193,03/07/1992,17/05/1994,United Kingdom,Joliet,Darmon,CECC
61992CJ0398,Judgment of the Court (Sixth Chamber) of 10 February 1994,Sixth Chamber,  Mund & Fester v Hatrex Internationaal Transport,  Reference for a preliminary ruling: Hanseatisches Oberlandesgericht Hamburg - Germany,  Seizure order - Sufficient grounds: enforcement of a judgment in another Contracting State party to the Brussels Convention - Prohibition of discrimination,  Case C-398/92,ECLI identifier: ECLI:EU:C:1994:52,23/11/1992,10/02/1994,Germany,Kakouris,Tesauro,CECC
61992CJ0129,Judgment of the Court (Sixth Chamber) of 20 January 1994,Sixth Chamber,  Owens Bank Ltd v Fulvio Bracco and Bracco Industria Chimica SpA,  Reference for a preliminary ruling: House of Lords - United Kingdom,  Brussels Convention - Interpretation of Articles 21; 22 and 23 - Recognition and enforcement of judgments given in non-contracting States,  Case C-129/92,ECLI identifier: ECLI:EU:C:1994:13,22/04/1992,20/01/1994,United Kingdom,Kapteyn,Lenz,CECC
61992CJ0125,Judgment of the Court of 13 July 1993,,  Mulox IBC Ltd v Hendrick Geels,  Reference for a preliminary ruling: Cour d'appel de Chambéry - France,  Brussels Convention - Article 5 (1) - Place of performance of the contractual obligation - Contract of employment - Work performed in more than one country,  Case C-125/92,ECLI identifier: ECLI:EU:C:1993:306,17/04/1992,13/07/1993,France,Schockweiler,Jacobs,CECC
61991CJ0172,Judgment of the Court of 21 April 1993,,  Volker Sonntag v Hans Waidmann; Elisabeth Waidmann and Stefan Waidmann,  Reference for a preliminary ruling: Bundesgerichtshof - Germany,  Brussels Convention of 27 September 1968 - Interpretation of Articles 1; 27 and 37,  Case C-172/91,ECLI identifier: ECLI:EU:C:1993:144,01/07/1991,21/04/1993,Germany,Díez de Velasco,Darmon,CECC
61991CJ0089,Judgment of the Court of 19 January 1993,,  Shearson Lehmann Hutton Inc,Check EUR-LEX webpage,Check EUR-LEX webpage,  Case C-89/91,ECLI identifier: ECLI:EU:C:1993:15,11/03/1991,19/01/1993,Germany,Schockweiler,Darmon,CECC
61991CJ0123,Judgment of the Court (Fourth Chamber) of 12 November 1992,Fourth Chamber,  Minalmet GmbH v Brandeis Ltd,  Reference for a preliminary ruling: Bundesgerichtshof - Germany,  Brussels Convention of 27 September 1968 - Recognition of a judgment given in default of appearance - Article 27 (2),  Case C-123/91,ECLI identifier: ECLI:EU:C:1992:432,26/04/1991,12/11/1992,Germany,Díez de Velasco,Jacobs,CECC
61991CJ0026,Judgment of the Court of 17 June 1992,,  Jakob Handte & Co,Check EUR-LEX webpage,Check EUR-LEX webpage,  Case C-26/91,ECLI identifier: ECLI:EU:C:1992:268,25/01/1991,17/06/1992,France,Schockweiler,Jacobs,CECC
61990CJ0261,Judgment of the Court (Fifth Chamber) of 26 March 1992,Fifth Chamber,  Mario Reichert; Hans-Heinz Reichert and Ingeborg Kockler v Dresdner Bank AG,  Reference for a preliminary ruling: Cour d'appel d'Aix-en-Provence - France,  Brussels Convention of 27 September 1968 - Action paulienne - Articles 5 (3); 16 (5) and 24 of the Convention,  Case C-261/90,ECLI identifier: ECLI:EU:C:1992:149,28/08/1990,26/03/1992,France,Grévisse,Gulmann,CECC
61989CJ0214,Judgment of the Court of 10 March 1992,,  Powell Duffryn plc v Wolfgang Petereit,  Reference for a preliminary ruling: Oberlandesgericht Koblenz - Germany,  Brussels Convention - Agreement conferring jurisdiction - Clause in the statutes of a company limited by shares,  Case C-214/89,ECLI identifier: ECLI:EU:C:1992:115,10/07/1989,10/03/1992,Germany,Sir Gordon Slynn,Tesauro,CECC
61990CJ0280,Judgment of the Court of 26 February 1992,,  Elisabeth Hacker v Euro-Relais GmbH,  Reference for a preliminary ruling: Landgericht Köln - Germany,  Brussels Convention - Jurisdiction in proceedings relating to tenancies of immovable property (Article 16 (1)),  Case C-280/90,ECLI identifier: ECLI:EU:C:1992:92,14/09/1990,26/02/1992,Germany,Kakouris,Darmon,CECC
61990CJ0183,Judgment of the Court (Sixth Chamber) of 4 October 1991,Sixth Chamber,  B,Check EUR-LEX webpage,Check EUR-LEX webpage,  Case C-183/90,ECLI identifier: ECLI:EU:C:1991:379,11/06/1990,04/10/1991,Netherlands,Schockweiler,Van Gerven,CECC
61989CJ0190,Judgment of the Court of 25 July 1991,,  Marc Rich & Co,Check EUR-LEX webpage,Check EUR-LEX webpage,  Case C-190/89,ECLI identifier: ECLI:EU:C:1991:319,31/05/1989,25/07/1991,United Kingdom,Zuleeg,Darmon,CECC
61989CJ0351,Judgment of the Court (Sixth Chamber) of 27 June 1991,Sixth Chamber,  Overseas Union Insurance Ltd and Deutsche Ruck Uk Reinsurance Ltd and Pine Top Insurance Company Ltd v New Hampshire Insurance Company,  Reference for a preliminary ruling: Court of Appeal - United Kingdom,  Brussels Convention - Lis alibi pendens - Taking into account the domicile of the parties - Powers of the court second seised - Jurisdiction in matters relating to insurance - Re-insurance,  Case C-351/89,ECLI identifier: ECLI:EU:C:1991:279,17/11/1989,27/06/1991,United Kingdom,Mancini,Van Gerven,CECC
61988CJ0305,Judgment of the Court (Sixth Chamber) of 3 July 1990,Sixth Chamber,  Isabelle Lancray SA v Peters und Sickert KG,  Reference for a preliminary ruling: Bundesgerichtshof - Germany,  Brussels Convention of 27 September 1968 - Recognition of default judgment - Article 27 (2),  Case C-305/88,ECLI identifier: ECLI:EU:C:1990:275,19/10/1988,03/07/1990,Germany,Díez de Velasco,Jacobs,CECC
61988CJ0365,Judgment of the Court (First Chamber) of 15 May 1990,First Chamber,  Kongress Agentur Hagen GmbH v Zeehaghe BV,  Reference for a preliminary ruling: Hoge Raad - Netherlands,  Brussels Convention - Article 6 (2) - Action on a warranty or guarantee,  Case C-365/88,ECLI identifier: ECLI:EU:C:1990:203,15/12/1988,15/05/1990,Netherlands,Sir Gordon Slynn,Lenz,CECC
61988CJ0220,Judgment of the Court (Sixth Chamber) of 11 January 1990,Sixth Chamber,  Dumez France SA and Tracoba SARL v Hessische Landesbank and others,  Reference for a preliminary ruling: Cour de cassation - France,  Brussels Convention - Tort; delict or quasi-delict - Interpretation of Article 5 (3) - Indirect victim - Damage suffered by a parent company through financial losses sustained by a subsidiary,  Case C-220/88,ECLI identifier: ECLI:EU:C:1990:8,04/08/1988,11/01/1990,France,Schockweiler,Darmon,CECC
61988CJ0115,Judgment of the Court (Fifth Chamber) of 10 January 1990,Fifth Chamber,  Mario P,Check EUR-LEX webpage,Check EUR-LEX webpage,  Case C-115/88,ECLI identifier: ECLI:EU:C:1990:3,11/04/1988,10/01/1990,France,Grévisse,Mischo,CECC
61988CJ0032,Judgment of the Court (Sixth Chamber) of 15 February 1989,Sixth Chamber,  Six Constructions Ltd v Paul Humbert,  Reference for a preliminary ruling: Cour de cassation - France,  Brussels Convention - Place of performance of the obligation,  Case 32/88,ECLI identifier: ECLI:EU:C:1989:68,28/01/1988,15/02/1989,France,Koopmans,Tesauro,CECC
61987CJ0189,Judgment of the Court (Fifth Chamber) of 27 September 1988,Fifth Chamber,  Athanasios Kalfelis v Bankhaus Schröder; Münchmeyer; Hengst and Co,Check EUR-LEX webpage,Check EUR-LEX webpage,  Case 189/87,ECLI identifier: ECLI:EU:C:1988:459,16/06/1987,27/09/1988,Germany,Galmot,Darmon,CECC
61987CJ0158,Judgment of the Court (Sixth Chamber) of 6 July 1988,Sixth Chamber,  R,Check EUR-LEX webpage,Check EUR-LEX webpage,  Case 158/87,ECLI identifier: ECLI:EU:C:1988:370,26/05/1987,06/07/1988,Netherlands,O'Higgins,Mancini,CECC
61987CJ0009,Judgment of the Court (Sixth Chamber) of 8 March 1988,Sixth Chamber,  SPRL Arcado v SA Haviland,  Reference for a preliminary ruling: Cour d'appel de Bruxelles - Belgium,  Brussels Convention - Jurisdiction - Matters relating to a contract,  Case 9/87,ECLI identifier: ECLI:EU:C:1988:127,16/01/1987,08/03/1988,Belgium,O'Higgins,Sir Gordon Slynn,CECC
61986CJ0145,Judgment of the Court of 4 February 1988,,  Horst Ludwig Martin Hoffmann v Adelheid Krieg,  Reference for a preliminary ruling: Hoge Raad - Netherlands,  Brussels Convention - Articles 26; 27; 31 and 36,  Case 145/86,ECLI identifier: ECLI:EU:C:1988:61,13/06/1986,04/02/1988,Netherlands,Rodríguez Iglesias,Darmon,CECC
61986CJ0218,Judgment of the Court (Sixth Chamber) of 9 December 1987,Sixth Chamber,  SAR Schotte GmbH v Parfums Rothschild SARL,  Reference for a preliminary ruling: Oberlandesgericht Düsseldorf - Germany,  Brussels Convention - Concept of a branch; agency or other establishment,  Case 218/86,ECLI identifier: ECLI:EU:C:1987:536,07/08/1986,09/12/1987,Germany,Koopmans,Sir Gordon Slynn,CECC
61986CJ0144,Judgment of the Court (Sixth Chamber) of 8 December 1987,Sixth Chamber,  Gubisch Maschinenfabrik KG v Giulio Palumbo,  Reference for a preliminary ruling: Corte suprema di Cassazione - Italy,  Brussels Convention - Concept of Lis pendens,  Case 144/86,ECLI identifier: ECLI:EU:C:1987:528,12/06/1986,08/12/1987,Italy,Bahlmann,Mancini,CECC
61985CJ0266,Judgment of the Court of 15 January 1987,,  Hassan Shenavai v Klaus Kreischer,  Reference for a preliminary ruling: Landgericht Kaiserslautern - Germany,  Brussels Convention - Place of performance of an obligation,  Case 266/85,ECLI identifier: ECLI:EU:C:1987:11,30/08/1985,15/01/1987,Germany,Koopmans,Mancini,CECC
61985CJ0313,Judgment of the Court (Fifth Chamber) of 11 November 1986,Fifth Chamber,  SpA Iveco Fiat v Van Hool NV,  Reference for a preliminary ruling: Hof van Cassatie - Belgium,  Convention on Jurisdiction and the Enforcement of Judgments in Civil and Commercial Matters - Application of a jurisdiction clause which has expired,  Case 313/85,ECLI identifier: ECLI:EU:C:1986:423,18/10/1985,11/11/1986,Belgium,Schockweiler,Cruz Vilaça,CECC
61985CJ0198,Judgment of the Court (Fifth Chamber) of 10 July 1986,Fifth Chamber,  Fernand Carron v Federal Republic of Germany,  Reference for a preliminary ruling: Hof van Cassatie - Belgium,  Brussels Convention of 27 September 1968 - Second paragraph of Article 33 - Furnishing of an address for service,  Case 198/85,ECLI identifier: ECLI:EU:C:1986:313,26/06/1985,10/07/1986,Belgium,Galmot,Mancini,CECC
61985CJ0022,Judgment of the Court (Fifth Chamber) of 24 June 1986,Fifth Chamber,  Rudolf Anterist v Crédit lyonnais,  Reference for a preliminary ruling: Bundesgerichtshof - Germany,  Brussels Convention of 27 Septembe 1968 - Article 17; third paragraph,  Case 22/85,ECLI identifier: ECLI:EU:C:1986:255,24/01/1985,24/06/1986,Germany,Joliet,Darmon,CECC
61984CJ0119,Judgment of the Court (Fourth Chamber) of 3 October 1985,Fourth Chamber,  P,Check EUR-LEX webpage,Check EUR-LEX webpage,  Case 119/84,ECLI identifier: ECLI:EU:C:1985:388,08/05/1984,03/10/1985,Italy,Bosco,Sir Gordon Slynn,CECC
61984CJ0221,Judgment of the Court (Fifth Chamber) of 11 July 1985,Fifth Chamber,  F,Check EUR-LEX webpage,Check EUR-LEX webpage,  Case 221/84,ECLI identifier: ECLI:EU:C:1985:337,28/08/1984,11/07/1985,Germany,Galmot,Sir Gordon Slynn,CECC
61984CJ0220,Judgment of the Court (Second Chamber) of 4 July 1985,Second Chamber,  AS-Autoteile Service GmbH v Pierre Malhé,  Reference for a preliminary ruling: Bundesgerichtshof - Germany,  Enforcement of judgments - Jurisdiction of the courts of the place of enforcement,  Case 220/84,ECLI identifier: ECLI:EU:C:1985:302,28/08/1984,04/07/1985,Germany,Pescatore,Lenz,CECC
61984CJ0148,Judgment of the Court (Fifth Chamber) of 2 July 1985,Fifth Chamber,  Deutsche Genossenschaftsbank v SA Brasserie du Pêcheur,  Reference for a preliminary ruling: Cour d'appel de Colmar - France,  Convention of 27 September 1968; Article 36,  Case 148/84,ECLI identifier: ECLI:EU:C:1985:280,14/06/1984,02/07/1985,France,Joliet,Lenz,CECC
61984CJ0049,Judgment of the Court (Fourth Chamber) of 11 June 1985,Fourth Chamber,  Leon Emile Gaston Carlos Debaecker and Berthe Plouvier v Cornelis Gerrit Bouwman,  Reference for a preliminary ruling: Hoge Raad - Netherlands,  Brussels Convention - Article 27(2) - Service of the document which instituted the proceedings in sufficient time,  Case 49/84,ECLI identifier: ECLI:EU:C:1985:252,24/02/1984,11/06/1985,Netherlands,Bosco,VerLoren van Themaat,CECC
61984CJ0048,Judgment of the Court (First Chamber) of 7 March 1985,First Chamber,  Hannelore Spitzley v Sommer Exploitation SA,  Reference for a preliminary ruling: Oberlandesgericht Koblenz - Germany,  Brussels Convention - Implied prorogation of jurisdiction,  Case 48/84,ECLI identifier: ECLI:EU:C:1985:105,24/02/1984,07/03/1985,Germany,Bosco,Sir Gordon Slynn,CECC
61983CJ0241,Judgment of the Court (Fourth Chamber) of 15 January 1985,Fourth Chamber,  Erich Rösler v Horst Rottwinkel,  Reference for a preliminary ruling: Bundesgerichtshof - Germany,  Brussels Convention; Article 16(1) - Exclusive jurisdiction - Tenancies of immovable property,  Case 241/83,ECLI identifier: ECLI:EU:C:1985:6,24/10/1983,15/01/1985,Germany,O'Keeffe,Sir Gordon Slynn,CECC
61983CJ0258,Judgment of the Court (Fourth Chamber) of 27 November 1984,Fourth Chamber,  Calzaturificio Brennero sas v Wendel GmbH Schuhproduktion International,  Reference for a preliminary ruling: Bundesgerichtshof - Germany,  Enforcement of judgments - Security,  Case 258/83,ECLI identifier: ECLI:EU:C:1984:363,18/11/1983,27/11/1984,Germany,Koopmans,Sir Gordon Slynn,CECC
61983CJ0178,Judgment of the Court (Second Chamber) of 12 July 1984,Second Chamber,  Firma P v Firma K,  Reference for a preliminary ruling: Oberlandesgericht Frankfurt am Main - Germany,  Brussels Convention du 27 September 1968 - Issue of an order for enforcement,  Case 178/83,ECLI identifier: ECLI:EU:C:1984:272,18/08/1983,12/07/1984,Germany,Bahlmann,Darmon,CECC
61983CJ0071,Judgment of the Court of 19 June 1984,,  Partenreederei ms,Check EUR-LEX webpage,Check EUR-LEX webpage,  Case 71/83,ECLI identifier: ECLI:EU:C:1984:217,28/04/1983,19/06/1984,Belgium,Bahlmann,Sir Gordon Slynn,CECC
61983CJ0129,Judgment of the Court (Fourth Chamber) of 7 June 1984,Fourth Chamber,  Siegfried Zelger v Sebastiano Salinitri,  Reference for a preliminary ruling: Oberlandesgericht München - Germany,  Brussels Convention: Article 21; Bringing of proceedings before a court,  Case 129/83,ECLI identifier: ECLI:EU:C:1984:215,08/07/1983,07/06/1984,Germany,O'Keeffe,Mancini,CECC
61982CJ0288,Judgment of the Court (Fourth Chamber) of 15 November 1983,Fourth Chamber,  Ferdinand M,Check EUR-LEX webpage,Check EUR-LEX webpage,  Case 288/82,ECLI identifier: ECLI:EU:C:1983:326,03/11/1982,15/11/1983,Netherlands,Bosco,Rozès,CECC
61982CJ0201,Judgment of the Court (Third Chamber) of 14 July 1983,Third Chamber,  Gerling Konzern Speziale Kreditversicherungs-AG and others v Amministrazione del Tesoro dello Stato,  Reference for a preliminary ruling: Corte suprema di Cassazione - Italy,  Interpretation of Articles 17 and 18 of the Brussels Conventionof 27 September 1968 - Insurance contract containing a stipulation in favour of a third party,  Case 201/82,ECLI identifier: ECLI:EU:C:1983:217,06/08/1982,14/07/1983,Italy,Galmot,Mancini,CECC
61982CJ0034,Judgment of the Court of 22 March 1983,,  Martin Peters Bauunternehmung GmbH v Zuid Nederlandse Aannemers Vereniging,  Reference for a preliminary ruling: Hoge Raad - Netherlands,  Article 5(1) of the Brussels Convention of 27 September 1968,  Case 34/82,ECLI identifier: ECLI:EU:C:1983:87,21/01/1982,22/03/1983,Netherlands,Galmot,Mancini,CECC
61981CJ0228,Judgment of the Court (Second Chamber) of 15 July 1982,Second Chamber,  Pendy Plastic Products BV v Pluspunkt Handelsgesellschaft mbH,  Reference for a preliminary ruling: Bundesgerichtshof - Germany,  Reference for a preliminary ruling - Convention of 27 September 1968,  Case 228/81,ECLI identifier: ECLI:EU:C:1982:276,06/08/1981,15/07/1982,Germany,Grévisse,Reischl,CECC
61981CJ0133,Judgment of the Court of 26 May 1982,,  Roger Ivenel v Helmut Schwab,  Reference for a preliminary ruling: Cour de cassation - France,  Brussels Convention - Place of performance of the obligations,  Case 133/81,ECLI identifier: ECLI:EU:C:1982:199,03/06/1981,26/05/1982,France,Koopmans,Reischl,CECC
61981CJ0025,Judgment of the Court of 31 March 1982,,  C,Check EUR-LEX webpage,Check EUR-LEX webpage,  Case 25/81,ECLI identifier: ECLI:EU:C:1982:116,17/03/1981,31/03/1982,Netherlands,Chloros,Rozès,CECC
61981CJ0038,Judgment of the Court (First Chamber) of 4 March 1982,First Chamber,  Effer SpA v Hans-Joachim Kantner,  Reference for a preliminary ruling: Bundesgerichtshof - Germany,  Brussels Convention,  Case 38/81,ECLI identifier: ECLI:EU:C:1982:79,19/02/1981,04/03/1982,Germany,Bosco,Reischl,CECC
61981CJ0027,Judgment of the Court (Third Chamber) of 22 October 1981,Third Chamber,  Établissements Rohr Société anonyme v Dina Ossberger,  Reference for a preliminary ruling: Cour d'appel de Versailles - France,  Brussels Convention: Objection contesting jurisdiction without a defence as to the substance,  Case 27/81,ECLI identifier: ECLI:EU:C:1981:243,16/02/1981,22/10/1981,France,Everling,Capotorti,CECC
61980CJ0150,Judgment of the Court of 24 June 1981,,  Elefanten Schuh GmbH v Pierre Jacqmain,  Reference for a preliminary ruling: Hof van Cassatie - Belgium,  Brussels Convention: Prorogation of jurisdiction,  Case 150/80,ECLI identifier: ECLI:EU:C:1981:148,24/06/1980,24/06/1981,Belgium,Koopmans,Sir Gordon Slynn,CECC
61980CJ0166,Judgment of the Court of 16 June 1981,,  Peter Klomps v Karl Michel,  Reference for a preliminary ruling: Hoge Raad - Netherlands,  Brussels Convention of 1968 - Service in sufficient time of the document which instituted the proceedings,  Case 166/80,ECLI identifier: ECLI:EU:C:1981:137,15/07/1980,16/06/1981,Netherlands,Due,Reischl,CECC
61980CJ0157,Judgment of the Court of 26 May 1981,,  Criminal proceedings against Siegfried Ewald Rinkau,  Reference for a preliminary ruling: Hoge Raad - Netherlands,  Article II of the Protocol annexed to the Convention on Jurisdiction of 27 September 1968,  Case 157/80,ECLI identifier: ECLI:EU:C:1981:120,03/07/1980,26/05/1981,Netherlands,Mackenzie Stuart,Reischl,CECC
61980CJ0139,Judgment of the Court (Third Chamber) of 18 March 1981,Third Chamber,  Blanckaert & Willems PVBA v Luise Trost,  Reference for a preliminary ruling: Bundesgerichtshof - Germany,  Convention on Jurisdiction: Article 5(5) (operations of an agency or other establishment),  Case 139/80,ECLI identifier: ECLI:EU:C:1981:70,11/06/1980,18/03/1981,Germany,Mertens de Wilmars,Reischl,CECC
61979CJ0814,Judgment of the Court of 16 December 1980,,  Netherlands State v Reinhold Rüffer,  Reference for a preliminary ruling: Hoge Raad - Netherlands,  Brussels Convention of 1968,  Case 814/79,ECLI identifier: ECLI:EU:C:1980:291,17/12/1979,16/12/1980,Netherlands,Bosco,Warner,CECC
61979CJ0125,Judgment of the Court of 21 May 1980,,  Bernard Denilauler v SNC Couchet Frères,  Reference for a preliminary ruling: Oberlandesgericht Frankfurt am Main - Germany,  Convention on Jurisdiction - Provisional measures authorized in the absence of one party,  Case 125/79,ECLI identifier: ECLI:EU:C:1980:130,06/08/1979,21/05/1980,Germany,Mertens de Wilmars,Mayras,CECC
61979CJ0784,Judgment of the Court (Third Chamber) of 6 May 1980,Third Chamber,  Porta-Leasing GmbH v Prestige International SA,  Reference for a preliminary ruling: Oberlandesgericht Koblenz - Germany,  Convention on jurisdiction - persons domiciled in Luxembourg,  Case 784/79,ECLI identifier: ECLI:EU:C:1980:123,23/10/1979,06/05/1980,Germany,Mertens de Wilmars,Reischl,CECC
61979CJ0120,Judgment of the Court (Third Chamber) of 6 March 1980,Third Chamber,  Louise de Cavel v Jacques de Cavel,  Reference for a preliminary ruling: Bundesgerichtshof - Germany,  Maintenance obligations,  Case 120/79,ECLI identifier: ECLI:EU:C:1980:70,30/07/1979,06/03/1980,Germany,Mertens de Wilmars,Warner,CECC
61979CJ0056,Judgment of the Court of 17 January 1980,,  Siegfried Zelger v Sebastiano Salinitri,Check EUR-LEX webpage,Check EUR-LEX webpage,  Case 56/79,ECLI identifier: ECLI:EU:C:1980:15,11/04/1979,17/01/1980,Germany,Touffait,Capotorti,CECC
61979CJ0025,Judgment of the Court of 13 November 1979,,  Sanicentral GmbH v René Collin,Check EUR-LEX webpage,Check EUR-LEX webpage,  Case 25/79,ECLI identifier: ECLI:EU:C:1979:255,12/02/1979,13/11/1979,France,Touffait,Capotorti,CECC
61978CJ0143,Judgment of the Court of 27 March 1979,,  Jacques de Cavel v Louise de Cavel,Check EUR-LEX webpage,Check EUR-LEX webpage,  Case 143/78,ECLI identifier: ECLI:EU:C:1979:83,19/06/1978,27/03/1979,Germany,Mertens de Wilmars,Warner,CECC
61978CJ0133,Judgment of the Court of 22 February 1979,,  Henri Gourdain v Franz Nadler,Check EUR-LEX webpage,Check EUR-LEX webpage,  Case 133/78,ECLI identifier: ECLI:EU:C:1979:49,12/06/1978,22/02/1979,Germany,Touffait,Reischl,CECC
61978CJ0033,Judgment of the Court of 22 November 1978,,  Somafer SA v Saar-Ferngas AG,Check EUR-LEX webpage,Check EUR-LEX webpage,  Case 33/78,ECLI identifier: ECLI:EU:C:1978:205,13/03/1978,22/11/1978,Germany,Mertens de Wilmars,Mayras,CECC
61978CJ0023,Judgment of the Court of 9 November 1978,,  Nikolaus Meeth v Glacetal,  Reference for a preliminary ruling: Bundesgerichtshof - Germany,  First paragraph of Article 17 of the Convention of 27 September 1968 on Jurisdiction and the Enforcement of Judgments in Civil and Commercial Matters,  Case 23/78,ECLI identifier: ECLI:EU:C:1978:198,27/02/1978,09/11/1978,Germany,Pescatore,Capotorti,CECC
61977CJ0150,Judgment of the Court of 21 June 1978,,  Bertrand v Paul Ott KG,  Reference for a preliminary ruling: Cour de cassation - France,  Sale of goods on instalment credit terms,  Case 150/77,ECLI identifier: ECLI:EU:C:1978:137,15/12/1977,21/06/1978,France,Touffait,Capotorti,CECC
61977CJ0073,Judgment of the Court of 14 December 1977,,  Theodorus Engelbertus Sanders v Ronald van der Putte,  Reference for a preliminary ruling: Hoge Raad - Netherlands,  Convention on jurisdiction,  Case 73-77,ECLI identifier: ECLI:EU:C:1977:208,15/06/1977,14/12/1977,Netherlands,O'Keeffe,Mayras,CECC
61977CJ0043,Judgment of the Court of 22 November 1977,,  Industrial Diamond Supplies v Luigi Riva,  Reference for a preliminary ruling: Rechtbank van eerste aanleg Antwerpen - Belgium,  Convention of 27 September 1968 - Stay of proceedings (Articles 30 and 38),  Case 43-77,ECLI identifier: ECLI:EU:C:1977:188,18/04/1977,22/11/1977,Belgium,Pescatore,Reischl,CECC
61977CJ0009,Judgment of the Court of 14 July 1977,,  Bavaria Fluggesellschaft Schwabe & Co,Check EUR-LEX webpage,Check EUR-LEX webpage,  Joined cases 9 and 10-77,ECLI identifier: ECLI:EU:C:1977:132,25/01/1977,14/07/1977,Germany,Bosco,Mayras,CECC
61976CJ0025,Judgment of the Court of 14 December 1976,,  Galeries Segoura SPRL v Société Rahim Bonakdarian,  Reference for a preliminary ruling: Bundesgerichtshof - Germany,  Convention of 27 September 1968 on Jurisdiction and the Enforcement of Judgments in Civil and Commercial Matters - Article 17 (jurisdiction by consent),  Case 25-76,ECLI identifier: ECLI:EU:C:1976:178,11/03/1976,14/12/1976,Germany,Pescatore,Capotorti,CECC
61976CJ0024,Judgment of the Court of 14 December 1976,,  Estasis Salotti di Colzani Aimo e Gianmario Colzani s,Check EUR-LEX webpage,Check EUR-LEX webpage,  Case 24-76,ECLI identifier: ECLI:EU:C:1976:177,11/03/1976,14/12/1976,Germany,Pescatore,Capotorti,CECC
61976CJ0021,Judgment of the Court of 30 November 1976,,  Handelskwekerij G,Check EUR-LEX webpage,Check EUR-LEX webpage,  Case 21-76,ECLI identifier: ECLI:EU:C:1976:166,02/03/1976,30/11/1976,Netherlands,Pescatore,Capotorti,CECC
61976CJ0042,Judgment of the Court of 30 November 1976,,  Jozef de Wolf v Harry Cox BV,Check EUR-LEX webpage,Check EUR-LEX webpage,  Case 42-76,ECLI identifier: ECLI:EU:C:1976:168,14/05/1976,30/11/1976,Netherlands,Kutscher,Mayras,CECC
61976CJ0029,Judgment of the Court of 14 October 1976,,  LTU Lufttransportunternehmen GmbH & Co, KG v Eurocontrol,  Reference for a preliminary ruling: Oberlandesgericht Düsseldorf - Germany,  Case 29-76,ECLI identifier: ECLI:EU:C:1976:137,18/03/1976,14/10/1976,Germany,Donner,Reischl,CECC
61976CJ0012,Judgment of the Court of 6 October 1976,,  Industrie Tessili Italiana Como v Dunlop AG,  Reference for a preliminary ruling: Oberlandesgericht Frankfurt am Main - Germany,  Brussels Convention on Jurisdiction and the Enforcement of Judgments in Civil and Commercial Matters - Article 5 (1),  Case 12-76,ECLI identifier: ECLI:EU:C:1976:133,13/02/1976,06/10/1976,Germany,Pescatore,Mayras,CECC
61976CJ0014,Judgment of the Court of 6 October 1976,,  A,Check EUR-LEX webpage,Check EUR-LEX webpage,  Reference for a preliminary ruling: Cour d'appel de Mons - Belgium,ECLI identifier: ECLI:EU:C:1976:134,13/02/1976,06/10/1976,Belgium,Capotorti,Reischl,CECC
